<?xml version="1.0"?>
<UserLayer>
	<Object>
		<Type>AREA</Type>
		<Name>해안선 업데이트 필요</Name>
		<LineWeight>3</LineWeight>
		<Font></Font>
		<Color>
			<R>220</R>
			<G>20</G>
			<B>60</B>
		</Color>
		<Description>항내 인공안선 구축으로 해안선 업데이트 필요(네이버 인공위성 비교)</Description>
		<Points>
			<Point>
				<X>126.799027777778</X>
				<Y>34.4308333333333</Y>
			</Point>
			<Point>
				<X>126.799055555556</X>
				<Y>34.4315833333333</Y>
			</Point>
			<Point>
				<X>126.797083333333</X>
				<Y>34.4314722222222</Y>
			</Point>
			<Point>
				<X>126.797138888889</X>
				<Y>34.4308055555556</Y>
			</Point>
			<Point>
				<X>126.797138888889</X>
				<Y>34.4308055555556</Y>
			</Point>
		</Points>
	</Object>
	<Object>
		<Type>AREA</Type>
		<Name>해안선 업데이트 필요</Name>
		<LineWeight>3</LineWeight>
		<Font></Font>
		<Color>
			<R>220</R>
			<G>20</G>
			<B>60</B>
		</Color>
		<Description>인공위성 자료 비교 결과 돌출 부위 존재함.</Description>
		<Points>
			<Point>
				<X>126.808944444444</X>
				<Y>34.4338888888889</Y>
			</Point>
			<Point>
				<X>126.809138888889</X>
				<Y>34.4339166666667</Y>
			</Point>
			<Point>
				<X>126.809138888889</X>
				<Y>34.4337777777778</Y>
			</Point>
			<Point>
				<X>126.808944444444</X>
				<Y>34.4337777777778</Y>
			</Point>
			<Point>
				<X>126.808944444444</X>
				<Y>34.4337777777778</Y>
			</Point>
		</Points>
	</Object>
	<Object>
		<Type>AREA</Type>
		<Name>해안선 확인 필요</Name>
		<LineWeight>3</LineWeight>
		<Font></Font>
		<Color>
			<R>220</R>
			<G>20</G>
			<B>60</B>
		</Color>
		<Description>인공위성 자료 비교 결과 해안선 부근에 돌출 부위 없음.</Description>
		<Points>
			<Point>
				<X>126.814222222222</X>
				<Y>34.4336388888889</Y>
			</Point>
			<Point>
				<X>126.814361111111</X>
				<Y>34.4336388888889</Y>
			</Point>
			<Point>
				<X>126.814333333333</X>
				<Y>34.4335</Y>
			</Point>
			<Point>
				<X>126.814194444444</X>
				<Y>34.4335277777778</Y>
			</Point>
			<Point>
				<X>126.814194444444</X>
				<Y>34.4335277777778</Y>
			</Point>
		</Points>
	</Object>
	<Object>
		<Type>AREA</Type>
		<Name>해안선 확인 필요</Name>
		<LineWeight>3</LineWeight>
		<Font></Font>
		<Color>
			<R>220</R>
			<G>20</G>
			<B>60</B>
		</Color>
		<Description>인공위성 자료 비교 결과, 인공 고조물의 폭이 위성 자료와 상이하여 다시 확인 필요.</Description>
		<Points>
			<Point>
				<X>126.8165</X>
				<Y>34.4348888888889</Y>
			</Point>
			<Point>
				<X>126.816583333333</X>
				<Y>34.4348611111111</Y>
			</Point>
			<Point>
				<X>126.816333333333</X>
				<Y>34.43425</Y>
			</Point>
			<Point>
				<X>126.816277777778</X>
				<Y>34.43425</Y>
			</Point>
		</Points>
	</Object>
	<Object>
		<Type>POINT</Type>
		<Name>수심 추가</Name>
		<SymbolSize>16</SymbolSize>
		<SymbolName>001_FF0000.png</SymbolName>
		<FontName>굴림체</FontName>
		<FontSize>12</FontSize>
		<FontColor>
			<R>220</R>
			<G>20</G>
			<B>60</B>
		</FontColor>
		<Description>0.9m 수심 선택</Description>
		<Points>
			<Point>
				<X>126.802108764648</X>
				<Y>34.4321937561035</Y>
			</Point>
		</Points>
	</Object>
	<Object>
		<Type>AREA</Type>
		<Name>해안선_확인 필요</Name>
		<LineWeight>3</LineWeight>
		<Font></Font>
		<Color>
			<R>220</R>
			<G>20</G>
			<B>60</B>
		</Color>
		<Description>간출지에서 암반지역이 구 자료와 비교해서 삭제 되어 있으며, 위성 자료를 확인 결과 암반지역이 있음으로 파악됨.</Description>
		<Points>
			<Point>
				<X>126.798916666667</X>
				<Y>34.4312777777778</Y>
			</Point>
			<Point>
				<X>126.798888888889</X>
				<Y>34.4314722222222</Y>
			</Point>
			<Point>
				<X>126.799472222222</X>
				<Y>34.4315277777778</Y>
			</Point>
			<Point>
				<X>126.799916666667</X>
				<Y>34.4315</Y>
			</Point>
			<Point>
				<X>126.800166666667</X>
				<Y>34.4315277777778</Y>
			</Point>
			<Point>
				<X>126.8005</X>
				<Y>34.4314722222222</Y>
			</Point>
			<Point>
				<X>126.800638888889</X>
				<Y>34.4313888888889</Y>
			</Point>
			<Point>
				<X>126.800777777778</X>
				<Y>34.4313055555556</Y>
			</Point>
			<Point>
				<X>126.800722222222</X>
				<Y>34.4311944444444</Y>
			</Point>
			<Point>
				<X>126.800527777778</X>
				<Y>34.43125</Y>
			</Point>
			<Point>
				<X>126.800083333333</X>
				<Y>34.4312777777778</Y>
			</Point>
			<Point>
				<X>126.799638888889</X>
				<Y>34.4313611111111</Y>
			</Point>
			<Point>
				<X>126.799111111111</X>
				<Y>34.4313055555556</Y>
			</Point>
			<Point>
				<X>126.799111111111</X>
				<Y>34.4313055555556</Y>
			</Point>
		</Points>
	</Object>
	<Object>
		<Type>AREA</Type>
		<Name>해안선_확인필요</Name>
		<LineWeight>3</LineWeight>
		<Font></Font>
		<Color>
			<R>220</R>
			<G>20</G>
			<B>60</B>
		</Color>
		<Description>인공위성 자료와 비교 결과 차이 발생, 다시 한번 확인 필요함.</Description>
		<Points>
			<Point>
				<X>126.815138888889</X>
				<Y>34.4356944444444</Y>
			</Point>
			<Point>
				<X>126.815333333333</X>
				<Y>34.4358333333333</Y>
			</Point>
			<Point>
				<X>126.815444444444</X>
				<Y>34.4357222222222</Y>
			</Point>
			<Point>
				<X>126.815194444444</X>
				<Y>34.4356111111111</Y>
			</Point>
		</Points>
	</Object>
	<Object>
		<Type>AREA</Type>
		<Name>해안선_확인필요</Name>
		<LineWeight>3</LineWeight>
		<Font></Font>
		<Color>
			<R>220</R>
			<G>20</G>
			<B>60</B>
		</Color>
		<Description>위성 자료와 비교결과 차이 발생, 다시 한번 확인 필요함.</Description>
		<Points>
			<Point>
				<X>126.834638888889</X>
				<Y>34.4430277777778</Y>
			</Point>
			<Point>
				<X>126.834777777778</X>
				<Y>34.4429722222222</Y>
			</Point>
			<Point>
				<X>126.834722222222</X>
				<Y>34.4429166666667</Y>
			</Point>
			<Point>
				<X>126.834611111111</X>
				<Y>34.4429444444444</Y>
			</Point>
		</Points>
	</Object>
	<Object>
		<Type>AREA</Type>
		<Name>해안선_확인필요</Name>
		<LineWeight>3</LineWeight>
		<Font></Font>
		<Color>
			<R>220</R>
			<G>20</G>
			<B>60</B>
		</Color>
		<Description>인공위성 자료와 비교 결과 차이점 발생, 다시 한번 확인 필요</Description>
		<Points>
			<Point>
				<X>126.835555555556</X>
				<Y>34.43975</Y>
			</Point>
			<Point>
				<X>126.835694444444</X>
				<Y>34.4396944444444</Y>
			</Point>
			<Point>
				<X>126.835638888889</X>
				<Y>34.4395833333333</Y>
			</Point>
			<Point>
				<X>126.8355</X>
				<Y>34.4396666666667</Y>
			</Point>
		</Points>
	</Object>
	<Object>
		<Type>AREA</Type>
		<Name>해안선_확인필요</Name>
		<LineWeight>3</LineWeight>
		<Font></Font>
		<Color>
			<R>220</R>
			<G>20</G>
			<B>60</B>
		</Color>
		<Description>위성자료와 비교 결과 공사가 완료된 것으로 보이는데 측량결과보고서 재 검토 필요함</Description>
		<Points>
			<Point>
				<X>126.833166666667</X>
				<Y>34.4376111111111</Y>
			</Point>
			<Point>
				<X>126.833472222222</X>
				<Y>34.4375833333333</Y>
			</Point>
			<Point>
				<X>126.833416666667</X>
				<Y>34.4371388888889</Y>
			</Point>
			<Point>
				<X>126.83325</X>
				<Y>34.4370555555556</Y>
			</Point>
			<Point>
				<X>126.833083333333</X>
				<Y>34.4370833333333</Y>
			</Point>
			<Point>
				<X>126.833222222222</X>
				<Y>34.4373611111111</Y>
			</Point>
		</Points>
	</Object>
	<Object>
		<Type>AREA</Type>
		<Name>해안선_확인필요</Name>
		<LineWeight>3</LineWeight>
		<Font></Font>
		<Color>
			<R>220</R>
			<G>20</G>
			<B>60</B>
		</Color>
		<Description>위성자료와 비교 결과 공사가 완료된 것으로 파악됨, 재 검토 필요.</Description>
		<Points>
			<Point>
				<X>126.833916666667</X>
				<Y>34.43575</Y>
			</Point>
			<Point>
				<X>126.834111111111</X>
				<Y>34.4357777777778</Y>
			</Point>
			<Point>
				<X>126.834166666667</X>
				<Y>34.4356388888889</Y>
			</Point>
			<Point>
				<X>126.836555555556</X>
				<Y>34.4359722222222</Y>
			</Point>
			<Point>
				<X>126.836611111111</X>
				<Y>34.43575</Y>
			</Point>
			<Point>
				<X>126.834138888889</X>
				<Y>34.4355</Y>
			</Point>
			<Point>
				<X>126.833916666667</X>
				<Y>34.4354722222222</Y>
			</Point>
		</Points>
	</Object>
	<Object>
		<Type>LINE</Type>
		<Name>해안선_확인필요</Name>
		<LineWeight>3</LineWeight>
		<Font></Font>
		<Color>
			<R>220</R>
			<G>20</G>
			<B>60</B>
		</Color>
		<LineStyle>0</LineStyle>
		<Description>위성자료와 비교 결과 해안선(인공)이 변경된 것으로 파악됨, 자료 조사를 통한 업데이트 필요함.</Description>
		<Points>
			<Point>
				<X>126.834027777778</X>
				<Y>34.4346666666667</Y>
			</Point>
			<Point>
				<X>126.833972222222</X>
				<Y>34.4345277777778</Y>
			</Point>
			<Point>
				<X>126.833888888889</X>
				<Y>34.4344166666667</Y>
			</Point>
			<Point>
				<X>126.833777777778</X>
				<Y>34.4342777777778</Y>
			</Point>
			<Point>
				<X>126.833722222222</X>
				<Y>34.4342222222222</Y>
			</Point>
			<Point>
				<X>126.833416666667</X>
				<Y>34.4341666666667</Y>
			</Point>
			<Point>
				<X>126.833305555556</X>
				<Y>34.4341388888889</Y>
			</Point>
			<Point>
				<X>126.833194444444</X>
				<Y>34.434</Y>
			</Point>
			<Point>
				<X>126.833083333333</X>
				<Y>34.4338055555556</Y>
			</Point>
			<Point>
				<X>126.833055555556</X>
				<Y>34.4331666666667</Y>
			</Point>
			<Point>
				<X>126.833111111111</X>
				<Y>34.4329166666667</Y>
			</Point>
			<Point>
				<X>126.833138888889</X>
				<Y>34.4328055555556</Y>
			</Point>
			<Point>
				<X>126.833333333333</X>
				<Y>34.4326111111111</Y>
			</Point>
			<Point>
				<X>126.833472222222</X>
				<Y>34.4324722222222</Y>
			</Point>
			<Point>
				<X>126.833638888889</X>
				<Y>34.4323055555556</Y>
			</Point>
			<Point>
				<X>126.833777777778</X>
				<Y>34.4321388888889</Y>
			</Point>
			<Point>
				<X>126.833916666667</X>
				<Y>34.4318888888889</Y>
			</Point>
			<Point>
				<X>126.833972222222</X>
				<Y>34.4318333333333</Y>
			</Point>
			<Point>
				<X>126.833972222222</X>
				<Y>34.4315833333333</Y>
			</Point>
			<Point>
				<X>126.834083333333</X>
				<Y>34.4315277777778</Y>
			</Point>
		</Points>
	</Object>
	<Object>
		<Type>AREA</Type>
		<Name>해안선_확인필요</Name>
		<LineWeight>3</LineWeight>
		<Font></Font>
		<Color>
			<R>220</R>
			<G>20</G>
			<B>60</B>
		</Color>
		<Description>위성자료 비교결과 차이발생, 자료 조사 필요.</Description>
		<Points>
			<Point>
				<X>126.843138888889</X>
				<Y>34.4270277777778</Y>
			</Point>
			<Point>
				<X>126.843416666667</X>
				<Y>34.4270277777778</Y>
			</Point>
			<Point>
				<X>126.843361111111</X>
				<Y>34.42675</Y>
			</Point>
			<Point>
				<X>126.843138888889</X>
				<Y>34.4267777777778</Y>
			</Point>
		</Points>
	</Object>
	<Object>
		<Type>AREA</Type>
		<Name>해안선_확인필요</Name>
		<LineWeight>3</LineWeight>
		<Font></Font>
		<Color>
			<R>220</R>
			<G>20</G>
			<B>60</B>
		</Color>
		<Description>위성자료와 비교 결과 차이 발생, 조사 필요함.</Description>
		<Points>
			<Point>
				<X>126.823722222222</X>
				<Y>34.4487222222222</Y>
			</Point>
			<Point>
				<X>126.823916666667</X>
				<Y>34.44875</Y>
			</Point>
			<Point>
				<X>126.823944444444</X>
				<Y>34.4485277777778</Y>
			</Point>
			<Point>
				<X>126.823694444444</X>
				<Y>34.4484722222222</Y>
			</Point>
			<Point>
				<X>126.823694444444</X>
				<Y>34.4484722222222</Y>
			</Point>
			<Point>
				<X>126.823694444444</X>
				<Y>34.4484722222222</Y>
			</Point>
		</Points>
	</Object>
	<Object>
		<Type>AREA</Type>
		<Name>해안선_확인필요</Name>
		<LineWeight>3</LineWeight>
		<Font></Font>
		<Color>
			<R>220</R>
			<G>20</G>
			<B>60</B>
		</Color>
		<Description>위성자료과 비교 결과 차이점 발생, 조사 필요함.</Description>
		<Points>
			<Point>
				<X>126.848972222222</X>
				<Y>34.4468055555555</Y>
			</Point>
			<Point>
				<X>126.849083333333</X>
				<Y>34.4468888888889</Y>
			</Point>
			<Point>
				<X>126.849194444444</X>
				<Y>34.4468055555555</Y>
			</Point>
			<Point>
				<X>126.849083333333</X>
				<Y>34.4466944444444</Y>
			</Point>
			<Point>
				<X>126.849083333333</X>
				<Y>34.4467222222222</Y>
			</Point>
		</Points>
	</Object>
	<Object>
		<Type>POINT</Type>
		<Name>수심선택</Name>
		<SymbolSize>16</SymbolSize>
		<SymbolName>001_FF0000.png</SymbolName>
		<FontName>굴림체</FontName>
		<FontSize>12</FontSize>
		<FontColor>
			<R>220</R>
			<G>20</G>
			<B>60</B>
		</FontColor>
		<Description>위치의 수심 5.7 선택</Description>
		<Points>
			<Point>
				<X>126.831802368164</X>
				<Y>34.4483871459961</Y>
			</Point>
		</Points>
	</Object>
	<Object>
		<Type>POINT</Type>
		<Name>수심선택</Name>
		<SymbolSize>16</SymbolSize>
		<SymbolName>001_FF0000.png</SymbolName>
		<FontName>굴림체</FontName>
		<FontSize>12</FontSize>
		<FontColor>
			<R>220</R>
			<G>20</G>
			<B>60</B>
		</FontColor>
		<Description>위치의 수심 5.5 선택</Description>
		<Points>
			<Point>
				<X>126.831359863281</X>
				<Y>34.4483070373535</Y>
			</Point>
		</Points>
	</Object>
	<Object>
		<Type>POINT</Type>
		<Name>수심 선택 해제</Name>
		<SymbolSize>16</SymbolSize>
		<SymbolName>001_FF0000.png</SymbolName>
		<FontName>굴림체</FontName>
		<FontSize>12</FontSize>
		<FontColor>
			<R>220</R>
			<G>20</G>
			<B>60</B>
		</FontColor>
		<Description>위치의 수심 5.6 선택 해제</Description>
		<Points>
			<Point>
				<X>126.831108093262</X>
				<Y>34.448112487793</Y>
			</Point>
		</Points>
	</Object>
	<Object>
		<Type>POINT</Type>
		<Name>수심선택</Name>
		<SymbolSize>16</SymbolSize>
		<SymbolName>001_FF0000.png</SymbolName>
		<FontName>굴림체</FontName>
		<FontSize>12</FontSize>
		<FontColor>
			<R>220</R>
			<G>20</G>
			<B>60</B>
		</FontColor>
		<Description>위치의 7.5m 수심을 선택하고 주변 수심 배열을 조정.</Description>
		<Points>
			<Point>
				<X>126.802917480469</X>
				<Y>34.4487495422363</Y>
			</Point>
		</Points>
	</Object>
	<Object>
		<Type>AREA</Type>
		<Name>등심선 조정</Name>
		<LineWeight>3</LineWeight>
		<Font></Font>
		<Color>
			<R>220</R>
			<G>20</G>
			<B>60</B>
		</Color>
		<Description>해당 위치에 0.7m를 고려해서 등심선 위치 수정.</Description>
		<Points>
			<Point>
				<X>126.823194444444</X>
				<Y>34.4474444444444</Y>
			</Point>
			<Point>
				<X>126.823333333333</X>
				<Y>34.4473888888889</Y>
			</Point>
			<Point>
				<X>126.82325</X>
				<Y>34.4472222222222</Y>
			</Point>
			<Point>
				<X>126.823083333333</X>
				<Y>34.4472777777778</Y>
			</Point>
		</Points>
	</Object>
	<Object>
		<Type>POINT</Type>
		<Name>수심선택</Name>
		<SymbolSize>16</SymbolSize>
		<SymbolName>001_FF0000.png</SymbolName>
		<FontName>굴림체</FontName>
		<FontSize>12</FontSize>
		<FontColor>
			<R>220</R>
			<G>20</G>
			<B>60</B>
		</FontColor>
		<Description>해당 위치에 상대적으로 낮은 수심(14.7m)이 존재하므로 선택 함.</Description>
		<Points>
			<Point>
				<X>126.824722290039</X>
				<Y>34.4461402893066</Y>
			</Point>
		</Points>
	</Object>
	<Object>
		<Type>POINT</Type>
		<Name>수심선택</Name>
		<SymbolSize>16</SymbolSize>
		<SymbolName>001_FF0000.png</SymbolName>
		<FontName>굴림체</FontName>
		<FontSize>12</FontSize>
		<FontColor>
			<R>220</R>
			<G>20</G>
			<B>60</B>
		</FontColor>
		<Description>해당 위치의 수심 17.3m 선택</Description>
		<Points>
			<Point>
				<X>126.842697143555</X>
				<Y>34.4466094970703</Y>
			</Point>
		</Points>
	</Object>
	<Object>
		<Type>POINT</Type>
		<Name>수심선택</Name>
		<SymbolSize>16</SymbolSize>
		<SymbolName>001_FF0000.png</SymbolName>
		<FontName>굴림체</FontName>
		<FontSize>12</FontSize>
		<FontColor>
			<R>220</R>
			<G>20</G>
			<B>60</B>
		</FontColor>
		<Description>해당 위치 16.8m 선택</Description>
		<Points>
			<Point>
				<X>126.849891662598</X>
				<Y>34.442943572998</Y>
			</Point>
		</Points>
	</Object>
	<Object>
		<Type>POINT</Type>
		<Name>수심선택</Name>
		<SymbolSize>16</SymbolSize>
		<SymbolName>001_FF0000.png</SymbolName>
		<FontName>굴림체</FontName>
		<FontSize>12</FontSize>
		<FontColor>
			<R>220</R>
			<G>20</G>
			<B>60</B>
		</FontColor>
		<Description>해당 위치의 수심 10.7m 선택</Description>
		<Points>
			<Point>
				<X>126.838668823242</X>
				<Y>34.4427795410156</Y>
			</Point>
		</Points>
	</Object>
	<Object>
		<Type>POINT</Type>
		<Name>수심선택</Name>
		<SymbolSize>16</SymbolSize>
		<SymbolName>001_FF0000.png</SymbolName>
		<FontName>굴림체</FontName>
		<FontSize>12</FontSize>
		<FontColor>
			<R>220</R>
			<G>20</G>
			<B>60</B>
		</FontColor>
		<Description>해당 위치의 수심 6.3m 선택</Description>
		<Points>
			<Point>
				<X>126.847778320313</X>
				<Y>34.4355545043945</Y>
			</Point>
		</Points>
	</Object>
	<Object>
		<Type>AREA</Type>
		<Name>인접 구역 불일치</Name>
		<LineWeight>3</LineWeight>
		<Font></Font>
		<Color>
			<R>255</R>
			<G>255</G>
			<B>0</B>
		</Color>
		<Description>인접 구역 불치에 대해서는 향후 측량과에 조사를 의뢰 할 수 있도록 자료를 작성해서 보고 요청.</Description>
		<Points>
			<Point>
				<X>126.798833333333</X>
				<Y>34.4524166666667</Y>
			</Point>
			<Point>
				<X>126.800611111111</X>
				<Y>34.4523611111111</Y>
			</Point>
			<Point>
				<X>126.800527777778</X>
				<Y>34.4491111111111</Y>
			</Point>
			<Point>
				<X>126.798888888889</X>
				<Y>34.4494444444444</Y>
			</Point>
		</Points>
	</Object>
	<Object>
		<Type>POINT</Type>
		<Name>등대 위치이동</Name>
		<SymbolSize>16</SymbolSize>
		<SymbolName>001_FF0000.png</SymbolName>
		<FontName>굴림체</FontName>
		<FontSize>12</FontSize>
		<FontColor>
			<R>220</R>
			<G>20</G>
			<B>60</B>
		</FontColor>
		<Description>등대 위치 변경 건에 대해서 항행통보 의뢰 여부 확인 필요하고, 미 조치된건이 경우 항행통보 의뢰 필요함.</Description>
		<Points>
			<Point>
				<X>126.812164306641</X>
				<Y>34.4468040466309</Y>
			</Point>
		</Points>
	</Object>
	<Object>
		<Type>POINT</Type>
		<Name>신규 등대</Name>
		<SymbolSize>16</SymbolSize>
		<SymbolName>001_FF0000.png</SymbolName>
		<FontName>굴림체</FontName>
		<FontSize>12</FontSize>
		<FontColor>
			<R>220</R>
			<G>20</G>
			<B>60</B>
		</FontColor>
		<Description>신규 등대에 대한 항행통보 유무 확인이 필요하면, 미 조치된 건에 대해서 항행통보 의뢰 필요함.</Description>
		<Points>
			<Point>
				<X>126.81852722168</X>
				<Y>34.4469184875488</Y>
			</Point>
		</Points>
	</Object>
	<Object>
		<Type>POINT</Type>
		<Name>등대 확인</Name>
		<SymbolSize>16</SymbolSize>
		<SymbolName>001_FF0000.png</SymbolName>
		<FontName>굴림체</FontName>
		<FontSize>12</FontSize>
		<FontColor>
			<R>220</R>
			<G>20</G>
			<B>60</B>
		</FontColor>
		<Description>항행통보 유무 확인 필요.</Description>
		<Points>
			<Point>
				<X>126.822975158691</X>
				<Y>34.4465827941895</Y>
			</Point>
		</Points>
	</Object>
	<Object>
		<Type>POINT</Type>
		<Name>등대 확인</Name>
		<SymbolSize>16</SymbolSize>
		<SymbolName>001_FF0000.png</SymbolName>
		<FontName>굴림체</FontName>
		<FontSize>12</FontSize>
		<FontColor>
			<R>220</R>
			<G>20</G>
			<B>60</B>
		</FontColor>
		<Description>항행통보 유무 확인 필요.</Description>
		<Points>
			<Point>
				<X>126.83088684082</X>
				<Y>34.447582244873</Y>
			</Point>
		</Points>
	</Object>
	<Object>
		<Type>POINT</Type>
		<Name>등대확인</Name>
		<SymbolSize>16</SymbolSize>
		<SymbolName>001_FF0000.png</SymbolName>
		<FontName>굴림체</FontName>
		<FontSize>12</FontSize>
		<FontColor>
			<R>220</R>
			<G>20</G>
			<B>60</B>
		</FontColor>
		<Description>항행통보 유무 확인</Description>
		<Points>
			<Point>
				<X>126.832801818848</X>
				<Y>34.4464149475098</Y>
			</Point>
		</Points>
	</Object>
	<Object>
		<Type>POINT</Type>
		<Name>등대 확인</Name>
		<SymbolSize>16</SymbolSize>
		<SymbolName>001_FF0000.png</SymbolName>
		<FontName>굴림체</FontName>
		<FontSize>12</FontSize>
		<FontColor>
			<R>220</R>
			<G>20</G>
			<B>60</B>
		</FontColor>
		<Description>항행통보 유무 확인</Description>
		<Points>
			<Point>
				<X>126.814834594727</X>
				<Y>34.4354705810547</Y>
			</Point>
		</Points>
	</Object>
</UserLayer>
